{"z_ai/glm-5.2": 1781780042.27937, "key_local_gemini_gemini-2.5-pro": 1781778575.893736, "google/gemini-3.5-pro": 1781780075.894152}